{"duration": 0.07624602317810059, "input_args": {"path": "PosixPath('artifacts/a9a_test.txt')"}, "time": 1695377221.37726}