{"duration": 0.07458209991455078, "input_args": {"path": "PosixPath('artifacts/a9a_test.txt')"}, "time": 1695375192.891479}