{"duration": 0.07309603691101074, "input_args": {"path": "PosixPath('artifacts/a9a_test.txt')"}, "time": 1695375207.6245482}