{"duration": 0.07784914970397949, "input_args": {"path": "PosixPath('artifacts/a9a_test.txt')"}, "time": 1695375871.216195}