{"duration": 0.10634779930114746, "input_args": {"path": "PosixPath('artifacts/a9a_training.txt')"}, "time": 1695375871.323358}