{"duration": 0.09994697570800781, "input_args": {"path": "PosixPath('artifacts/a9a_training.txt')"}, "time": 1695377221.477738}