{"duration": 0.09538102149963379, "input_args": {"path": "PosixPath('artifacts/a9a_training.txt')"}, "time": 1695375207.720544}